path,bytes,sha256,modified_utc,git_tracked
.gitattributes,318,37003e7f814be43517efa36de67637d4d3f9a6fc1679584f1cefdfc8bcde0282,2026-09-21T06:32:35.707680+00:00,yes
.github/ISSUE_TEMPLATE/config.yml,28,1f103c6a9dd07cd13a9a6f17ace6b813f47747eb9cb7e00488cb2073caaf91bb,2026-09-21T06:35:26.575102+00:00,yes
.github/ISSUE_TEMPLATE/document-change.yml,1612,4c637b94597ad09ed15a4313ed55e1ca20c3b50b6ff8637d5a8a8ab4901e5240,2026-09-21T06:35:26.574868+00:00,yes
.github/workflows/validate.yml,886,2e57a7be0604898fd15c7a9e237bc4bf29177b293943b9253bcb005b5b206029,2026-09-21T06:35:26.574661+00:00,yes
.gitignore,932,4c68d45247204e6efd1ccac76e603de4e021b2f83532099fcf4d4d79fbad1f9a,2026-09-21T06:32:35.707461+00:00,yes
CHANGELOG.md,1692,15b6a401152199ff5232dcb996195ac57371ca22539ad5929f2d4dd310b1b973,2026-09-21T06:32:35.706111+00:00,yes
CITATION.cff,467,ac667b152468512b3ff8ebb193584b3c50e554b4898c2cc9d7f1e00675ba1f6d,2026-09-21T06:32:35.706800+00:00,yes
CONTRIBUTING.md,2383,d96763d44fc2921e221d025d6cc124286a1723b87db24abb79ac452e05cd70a8,2026-09-21T06:32:35.706494+00:00,yes
LICENSE-NOTICE.md,1347,a85ac91db26bfca61c8b6daba7666d2403e4dc76edb9ce41f4d818bc9be8b8c9,2026-09-21T06:32:35.707165+00:00,yes
README.md,7818,81435bfd06aad18cca0d1426116636400f128b51269e4b13f619c0332cc1afef,2026-09-21T06:32:35.705785+00:00,yes
analysis/README.md,1850,80b1752ca39ef4c4471b14d11ec1a7a1031af619602166acffbb7667d007affe,2026-09-21T06:33:23.879655+00:00,yes
analysis/bayesian/README.md,528,29fe7a292744f128e7bc697e41a601007d7812234b95483e7f1cc8d8e64d4ab2,2026-09-21T06:33:23.880055+00:00,yes
analysis/data-preparation/README.md,667,883721db5ded329fe3ab2c40e4ea85b8e5ef31ea60ad1c083ec61bc812d6905b,2026-09-21T06:33:23.879876+00:00,yes
analysis/explainable-ai/README.md,359,88221c382a48c13a4b63ab52926cb98e3710bcd7b80cb4e1b14fb5289f260ea2,2026-09-21T06:33:23.880507+00:00,yes
analysis/machine-learning/README.md,439,e6064f9968da814a89ce6389d94af30d0adc674b9655bf01c1bbd94ba2970d4f,2026-09-21T06:33:23.880267+00:00,yes
analysis/reporting/README.md,363,644262ebd0669f421ab2a5221bcc26f91d3414eb0d9162c8d6f6cadc8a100946,2026-09-21T06:33:23.881371+00:00,yes
analysis/validation/README.md,406,fabb31e573a7368dafc0af5bf5e9fe9f97f7b25abe03d12d10e338409b3fcfd9,2026-09-21T06:33:23.881088+00:00,yes
documentation/codebook/README.md,661,31959d6595454dc7eed2a899e8f25009feb0e374364dec8986fa4ad72fba2519,2026-09-21T06:33:23.882267+00:00,yes
documentation/interviewer-guide/README.md,246,0249b8e6816aa4902a81a8ace8c103c2641d34100e5f85d6c0e8e2f8f78e29b0,2026-09-21T06:33:23.881982+00:00,yes
documentation/justification/README.md,702,9e4e462e6a4df4a44b979c3808cc19105f4c0517d6db070d3381677bfb7c3441,2026-09-21T06:33:23.882516+00:00,yes
documentation/methodology/README.md,356,6b575acf5e2f606d2e8745106a7ea628096b2b46b1824b485ecc27262dae6e37,2026-09-21T06:33:23.881605+00:00,yes
documentation/version-history/README.md,1121,1be183d6c495167a8100c0d9a3d714875ee02e40d114f5701d4a40e67968bdc9,2026-09-21T06:33:23.881796+00:00,yes
documentation/version-history/initial-workspace-inspection.md,1621,2b4a27fb45e8f042a975da901a1f3bed1abf5a475510a7c7ac0ee4943088a113,2026-09-21T06:36:03.087598+00:00,yes
environment/requirements-dev.txt,49,a7c3dd88b67f2c430a1c181f24d758e4784a3cafb1d4abfccad985ad86094adb,2026-09-21T06:34:23.827847+00:00,yes
environment/requirements.txt,154,7f13d7cd36a0815cb797bc6a586b2fe7ae4533533dd8bb8b85a1040e64155fc2,2026-09-21T06:34:23.827621+00:00,yes
questionnaire/bangla/README.md,491,fd24f860ed680952aa4d226c15a2e6ffd5a9b05a37afbcc916970dda430a61e2,2026-09-21T06:33:23.882897+00:00,yes
questionnaire/english/README.md,655,7ac8db45aff387076d35876e10b8d8270ba30c18e3c2f470a8034940ccece9a6,2026-09-21T06:33:23.882719+00:00,yes
releases/README.md,250,f1c3f71fecbee3733ac0ca05f8e8d09bd78229c86adfd7dbf4a96fe494fdfb41,2026-09-21T06:33:23.883090+00:00,yes
scripts/generate_manifest.py,2845,3ababdcbbf3ef3d4dae68751c7254ffdc7b49007a4cfd2580ba3fbf438b969dc,2026-09-21T06:36:19.525975+00:00,yes
scripts/verify_questionnaire.py,4795,0a6023c473d5207409b80c965b813c6cee027b34763d2b1a7d9e7dfeb4c38581,2026-09-21T06:34:23.828315+00:00,yes
scripts/verify_repository.py,7911,32c2609fc7fc3bd476175c16e906353ad2735475a58ceb21e4f27ce29045ad7d,2026-09-21T06:35:26.574369+00:00,yes
thesis/README.md,1134,3671088b418d54416c0bb6b116a3c3ac68ead82bbba2be4d6d49b22c892e34d8,2026-09-21T06:33:23.879403+00:00,yes
thesis/compiled/.gitkeep,1,01ba4719c80b6fe911b091a7c05124b64eeece964e09c058ef8f9805daca546b,2026-09-21T06:35:26.576668+00:00,yes
thesis/latex/appendices/.gitkeep,1,01ba4719c80b6fe911b091a7c05124b64eeece964e09c058ef8f9805daca546b,2026-09-21T06:35:26.575695+00:00,yes
thesis/latex/bibliography/.gitkeep,1,01ba4719c80b6fe911b091a7c05124b64eeece964e09c058ef8f9805daca546b,2026-09-21T06:35:26.576301+00:00,yes
thesis/latex/chapters/.gitkeep,1,01ba4719c80b6fe911b091a7c05124b64eeece964e09c058ef8f9805daca546b,2026-09-21T06:35:26.575454+00:00,yes
thesis/latex/figures/.gitkeep,1,01ba4719c80b6fe911b091a7c05124b64eeece964e09c058ef8f9805daca546b,2026-09-21T06:35:26.576497+00:00,yes
thesis/latex/frontmatter/.gitkeep,1,01ba4719c80b6fe911b091a7c05124b64eeece964e09c058ef8f9805daca546b,2026-09-21T06:35:26.576078+00:00,yes
